399,X,,,,,,,
398,X,,,,,,,
397,X,,,,,,,
396,X,,,,,,,
395,X,,,,,,,
394,X,,,,,,,
393,X,,,,,,,
392,X,,,,,,,
391,X,,,,,,,
390,X,,,,,,,
389,X,,,,,,,
388,X,,,,,,,
387,X,,,,,,,
386,X,,,,,,,
385,X,,,,,,,
384,X,,,,,,,
383,X,,,,,,,
382,X,,,,,,,
381,X,,,,,,,
380,X,,,,,,,
379,X,,,,,,,
378,X,,,,,,,
377,X,,,,,,,
376,X,,,,,,,
375,X,,,,,,,
374,X,,,,,,,
373,X,,,,,,,
372,X,,,,,,,
371,X,,,,,,,
370,X,,,,,,,
369,X,,,,,,,
368,X,,,,,,,
367,X,,,,,,,
366,X,,,,,,,
365,X,,,,,,,
364,X,,,,,,,
363,X,,,27.10.2018,"","CS, PK, SB","Und ihr so?",
362,X,,,19.10.2018,"Tobias Oberrauch","CS, HCR, PK","Künstliche Intelligenz",
361,X,,,8.10.2018,"","CS, HCR, PK","Idle Until Urgent",
360,X,,,3.10.2018,"","PK, SB","CSS-Gate",
359,X,,,27.09.2018,"Robert Weber, Sven Wolfermann","SB","HTML/CSS für EPUB und Print Stylesheets",
358,X,,,23.09.2018,"Niels Leenheer","CS","Web Bluetooth & Web USB",
357,X,,,18.09.2018,"","CS, HCR, SB","Der JAMStack",
356,X,,,17.09.2018,"","CS, HCR, PK","Neues vom Chrome-Browser!",
355,X,,,10.09.2018,"Simon Streubel","HCR, SB","Apache Kafka",
354,X,,,29.08.2018,"","HCR, PK, SB","Babel-Presets und Konferenzen",
353,X,,,20.08.2018,"Marcel Koch","CS, HCR","Kommunikation in (agilen) Teams",
352,X,,,16.08.2018,"","HCR, PK, SB","TypeScript 3.0",
351,X,,,13.08.2018,"Martin Splitt","CS, SB","JavaScript und die Google Suche",
350,X,,,9.08.2018,"","CS, HCR, PK","HTTP Header",
349,X,,,25.07.2018,"","CS, HCR, RR","Serverseitige Entwicklung mit NodeUnser Sponsor",
348,X,,,25.07.2018,"Sven Wolfermann","CS, RR, SB","Performance in 2018",
347,X,,,23.07.2018,"Johannes Pichler","CS, HCR","OAuth",
346,X,,,22.07.2018,"Tobias Baldauf","HCR, PK, SB","Wie optimiere ich meine Bilder fürs Web?",
345,X,,,9.07.2018,"Frederic Hemberger","CS, HCR, SB","DevOps – Kubernetes, VMs und Co.",
344,X,,,17.06.2018,"Christian Lück","HCR, PK","ReactPHP",
343,X,,,15.06.2018,"","CS, HCR, PK, SB","Neue Features für JavaScript",
342,X,,,13.06.2018,"Johannes Pichler","HCR","Was gibt es Neues in Laravel?",
341,X,,,11.06.2018,"","HCR, PK","Visual Studio Code",
340,X,,,28.05.2018,"","CS, HCR, PK, SB","Glücksrad",
339,X,,,13.05.2018,"Nik Graf, Patrick Stapfer","HCR","ReasonML",
338,X,,,5.05.2018,"Robin Mehner","CS, HCR","Web Apps, PWAs und Offline in der Praxis",
337,X,,,26.04.2018,"Frederic Hemberger","AH, PK, SB","DevOps",
336,X,,,13.04.2018,"Baltasar Cevc, Joschi Kuphal, Sebastian Greger","HCR","DSGVO",
335,X,,,13.04.2018,"asciidisco","AH, HCR, RR","EME? CDM? DRM? CENC? IDK!",
334,X,,,1.04.2018,"Oliver Schöndorfer","AH, HCR","Typographie im Web",
333,X,,,30.03.2018,"Ola Gasidlo","HCR, PK","Webcompat und Open Source Arbeit",
332,X,,,26.03.2018,"Benedikt Meurer","CS, PK, SB","Die V8 JavaScript Engine",
331,X,,,2.03.2018,"Nik Graf, Philipp Müns","AH, CS, HCR, SB","Serverless",
330,X,,,28.02.2018,"","CS, HCR, RR","Geolocation API und das HTML Dialog-Element",
329,X,,,18.02.2018,"Surma","AH, CS, HCR, PK","Actor Model und CSS Paint API",
328,X,,,6.02.2018,"","HCR, KL, PK","Web Components",
327,X,,,31.01.2018,"Dennis Reimann, Jan Persiel","CS, HCR, PK, SB","UI-Engineering",
326,X,,,22.01.2018,"Marcus Schwemer","AH, SB","TYPO3 Performance",
325,X,,,14.01.2018,"Jan Krutisch","CS, HCR","Die Web Audio API",
324,X,,,31.12.2017,"Hans-Christian Otto","AH, CS, HCR, SB","PHP",
323,X,,,26.12.2017,"","HCR, PK","(Asynchrone) Iteratoren",
322,X,,,11.12.2017,"Holger Bartel, Tobias Tom","AH, HCR, SB","Colloq",
321,X,,,10.12.2017,"","AH, SB","HTTP/2 Server Push",
320,X,,,2.12.2017,"Lars Wolff","CS, HCR","API- und Load-Testing in der Cloud",
319,X,,,28.11.2017,"","CS, HCR, PK, SB","Templates, Super Cookies, Animationen",
318,X,,,21.11.2017,"Jens Grochtdreis","CS, HCR","Strukturiertes CSS",
317,X,,,20.11.2017,"","CS, HCR, SB","Post-PostCSS",
316,X,,,19.11.2017,"","CS, HCR, SB","Google Lighthouse",
315,X,,,5.11.2017,"","AH, SB","React Lizenzänderung, abortable fetch",
314,X,,,20.10.2017,"","CS, HCR","DDD, CQRS und WTF",
313,X,,,13.10.2017,"","CS, HCR","Origin Trials",
312,X,,,15.09.2017,"David Hellmann, Justin Schueler","HCR, PK","Zusammenarbeit von Designern und Entwicklern",
311,X,,,13.09.2017,"","PK, SB","CSS-Klassen und Binär-ASTs",
310,X,,,8.09.2017,"","AH, CS, HCR","Service Worker – Bericht aus der Praxis",
309,X,,,2.09.2017,"","CS, PK, SB","Kein Thema",
308,X,,,7.08.2017,"Sven Wolfermann","HCR, PK","CSS mit Sven Wolfermann",
307,X,,,25.07.2017,"","AH, HCR","HEIF, Bildformate und -optimierung",
306,X,,,3.07.2017,"Manuel Matuzovic","CS, HCR, SB","Accessibility und CSS Grids",
305,X,,,26.06.2017,"Kira Schacht, Phil Ninh","CS, SB","Datenjournalismus",
304,X,,,24.06.2017,"","CS, HCR","Native Browser-APIs",
303,X,,,21.06.2017,"","HCR, SB","Cloud Hosting",
302,X,,,19.06.2017,"","PK, RR","Zukunft und Vergangenheit von JS-Tools und Libraries",
301,X,,,22.05.2017,"Jens Oliver Meiert","AH, CS","Optimierung und Wartbarkeit von CSS",
300,X,,,6.05.2017,"","AH, CS, PK, SB","Glücksrad!",
299,X,,,3.05.2017,"Stefan Judis","AH, HCR, PK, RR","Electron",
298,X,,,24.04.2017,"","CS, HCR, PK","Module, Bundling und Optimierung",
297,X,,,18.04.2017,"Bastian Krol","CS, HCR, RR","Elm",
296,X,,,3.04.2017,"","CS, HCR","Das Accessibility Object Model",
295,X,,,2.04.2017,"","HCR, PK, SB","Next, Git, Guetzli",
294,X,,,22.03.2017,"Sven Wolfermann","AH, CS","CSS Grids",
293,X,,,12.03.2017,"","HCR, PK, RR","Web Assembly, Bloat und Web Components",
292,X,,,6.03.2017,"Johannes Schickling","CS, HCR","Bessere APIs mit GraphQL",
291,X,,,28.02.2017,"","AH, PK","h-Element und ES2017",
290,X,,,20.02.2017,"","CS, HCR, SB","Parse & Compile, Safari 10.1, WebGPU",
289,X,,,18.02.2017,"Johannes Ewald, Tobias Koppers","AH, HCR","Tiefe Einblicke in die Webpack Entwicklung",
288,X,,,15.02.2017,"Roger Dudler","CS, HCR, SB","Frontify, Styleguides",
287,X,,,29.01.2017,"Joschi Kuphal","AH, HCR","Microinformationen und CoderDojo",
286,X,,,23.01.2017,"Katharina Baehr","CS, HCR, PK","Aurelia",
285,X,,,29.12.2016,"Vitaly Friedman","AH, CS, HCR, SB","Plausch mit Vitaly Friedman",
284,X,,,25.12.2016,"","AH, CS, RR","Rückblick und Ausblick",
283,X,,,12.12.2016,"Christoph Rumpel, Roman Kuba","HCR, SB","vue.js und Chatbots",
282,X,,,5.12.2016,"Tobias Block","AH, PK, SB","AMP aus Anwenderperspektive",
281,X,,,30.11.2016,"Max Stoiber, Nik Graf","SB","State of React",
280,X,,,28.10.2016,"","CS, HCR, SB","Yarn und Styled Components",
279,X,,,21.10.2016,"","AH, HCR","Abstand und Urlaub",
278,X,,,8.10.2016,"Marc Thiele","CS","Beyond beyond tellerrand",
277,X,,,19.09.2016,"","CS, RR, SB","Accessibility Object Model und Custom Elements",
276,X,,,15.09.2016,"","HCR, PK","Große Module, kleine Module? Viel Code, wenig Code?",
275,X,,,11.09.2016,"Christoph Reinartz, Jens Grochtdreis","CS, HCR, PK","Project Ironman",
274,X,,,29.08.2016,"Aaron Czichon","CS, HCR, SB","Ionic Framework",
273,X,,,26.08.2016,"Niels Leenheer","AH, CS","Open Device Labs, HTML5Test.com and Weird Browsers",
272,X,,,20.08.2016,"","AH, CS, RR, SB","Statische Seitengeneratoren, Metalsmith und CSS Funktionssyntax",
271,X,,,5.08.2016,"","CS, HCR, SB","HTTP/2 Server Push und Link Rot",
270,X,,,5.08.2016,"","CS, PK, SB","Debugging und Links",
268,X,,,31.07.2016,"","CS, HCR, SB","Konferenz- und Meetup-Organisation",
267,X,,,10.07.2016,"","AH, SB","News und Glücksrad",
266,X,,,29.06.2016,"Daniel Mies","CS, HCR","TypeScript",
265,X,,,20.06.2016,"Pascal Szewczyk","CS, HCR, PK, SB","Weiterbildung im Frontend",
264,X,,,13.06.2016,"","AH, PK, SB","Make Flash great again",
263,X,,,29.05.2016,"Christian Heilmann, Jeremy Keith, Peter-Paul Koch","CS, RR","Im Gespräch mit PPK, Chris Heilmann und Jeremy Keith",
262,X,,,16.05.2016,"","AH, CS, PK, SB","News, Glücksrad, Links",
261,X,,,16.05.2016,"","AH, CS, SB","SVG Icons, Element/Container Queries",
260,X,,,1.05.2016,"","HCR, RR, SB","Spezifikations-Neuheiten",
259,X,,,18.04.2016,"Max Stoiber","AH","React Entwicklung und Frontend Einstieg",
258,X,,,17.04.2016,"","AH, CS, PK","Das npm Debakel und warum wir so lahme Seiten bauen",
257,X,,,30.03.2016,"Rouven Wessling, Thomas Scholte","","Contentful – Das API-first CMS",
256,X,,,21.03.2016,"","AH, CS, HCR, SB","Arbeiten mit einem CMS – Berichte aus der Praxis",
255,X,,,13.03.2016,"","HCR, PK","Hack the Planet!",
254,X,,,4.03.2016,"","AH, AH, CS, HCR","Progressively loaded CSS, Grunt 1.0",
253,X,,,28.02.2016,"","AH, PK, SB","CMS, CMS, CMS!",
252,X,,,7.02.2016,"","HCR, PK, RR","Yo Dawg I heard you like JavaScript so I put a transpiler into your MVC so you can type check while you tree shake",
251,X,,,30.01.2016,"Malte Ubl","AH, CS, HCR, SB","Googles AMP und die Zukunft der Parallelität",
250,X,,,26.01.2016,"Bruce Lawson","AH, CS, HCR, SB","Achtung Baby!",
249,X,,,17.01.2016,"","AH, HCR, PK, SB","Sauberes HTML, Gratis CDNs",
248,X,,,10.01.2016,"Axel Rauschmayer","AH, CS, RR, SB","ECMAScript 6 und 7",
247,X,,,31.12.2015,"","HCR, HCR, KL, PK","Reaktive funktionale Programmierung",
246,X,,,25.12.2015,"","CS, RR","Der Blick in die Glaskugel",
245,X,,,19.12.2015,"","CS, PK, SB","Web Components und Links",
244,X,,,4.12.2015,"Marco Zehe","AH, HCR, RR","Accessibility Deep Dive und ally.js",
243,X,,,2.12.2015,"","AH, CS, HCR, PK","Unlearning und Diversity",
242,X,,,30.11.2015,"","AH, HCR, RR","Nützliche Services und a11y im täglichen Job",
241,X,,,8.11.2015,"Kai Niklas","AH, CS, HCR","WebGL",
240,X,,,7.11.2015,"","AH, HCR, SB","Content Blocker",
239,X,,,27.10.2015,"","AH, CS, HCR","Webfonts Best Practices und FLIF",
238,X,,,18.10.2015,"Martin Schuhfuss","CS, SB","Creative Coding, Sass Eyeglass und AMP",
237,X,,,17.10.2015,"","CS, HCR, SB","Remote Work und Informationsnachschub",
236,X,,,6.10.2015,"","AH, HCR, PK, SB","CSS Round Display Spec und Open Source Projekte",
235,X,,,3.10.2015,"Philipp Tarasiewicz","CS, HCR, PK","Houdini, Go Lang und Angular 2",
234,X,,,20.09.2015,"","AH, SB","Probleme mit Feature-Detection und Vererbung in CSS",
233,X,,,01.09.2015,"","AH, SB","CSS Layout Techniken",
232,X,,,13.09.2015,"","HCR, PK","Progressive Apps",
231,X,,,01.09.2015,"Manuel Schoebel, Stephan Hochhaus","CS, HCR, PK, SB","Meteor, CSS in JS, dreiste Eigenwerbung",
230,X,,,31.08.2015,"","AH, CS, HCR, PK, SB","CSS input modality und die Unzufriedenheit mit der Gesamtsituation",
229,X,,,11.08.2015,"","CS, PK, SB","Stop pushing the web forward",
228,X,,,06.08.2015,"Anna Müller, David Hasenbeck","AH, RR","Wie Sipgate arbeitet",
227,X,,,30.07.2015,"","AH, HCR, PK","Ask Anselm Anything und Underscore",
226,X,,,22.07.2015,"","CS, HCR, RR","Progressive Enhancement",
225,X,,,21.07.2015,"","AH, PK, RR, SB","Web Components und Web Assembly",
224,X,,,19.06.2015,"Lisa Gringl","AH, CS, SB","Design meets Code",
223,X,,,27.06.2015,"","CS, PK, RR, SB","Safari 9, Web Components und A11Y tools",
222,X,,,19.06.2015,"","AH, HCR, PK","Is React really fast und Dependency Updates",
221,X,,,25.05.2015,"","CS, HCR, SB","Pattern libraries, Styleguides und PatternLab",
220,X,,,25.05.2015,"","AH, CS","Tools are [not] the Problem",
219,X,,,24.05.2015,"Sara Soueidan","AH, HCR, RR, SB","Interview mit Sara Soueidan",
218,X,,,23.05.2015,"","HCR, PK, RR, SB","ECMAScript 6",
217,X,,,04.05.2015,"","AH, CS, HCR, PK","Offline First und Links",
216,X,,,01.05.2015,"","CS, PK, SB","Working Draft considered harmful",
215,X,,,25.04.2015,"","CS, HCR, RR, SB","Einheitsbrei",
214,X,,,08.04.2015,"","AH, HCR, PK, SB","Fetch, Zentralisierung, Links",
213,X,,,30.03.2015,"","AH, CS, RR, SB","React is a Good Idea!",
212,X,,,21.03.2015,"","HCR, PK, SB","HTML5 (Retro | Per)spektive",
211,X,,,08.03.2015,"Jacob Rossi","AH, CS, HCR, SB","Project Spartan with Jacob Rossi",
210,X,,,05.03.2015,"","AH, HCR, PK, RR","Webfonts und JavaScript-Module",
209,X,,,24.02.2015,"","AH, SB","Geschwindigkeitsrausch",
208,X,,,22.02.2015,"","AH, HCR, PK, SB","JavaScript Dialekte",
207,X,,,09.02.2015,"Michael Kühnel","CS, HCR, PK, SB","6to5, Yeoman, Links",
206,X,,,03.02.2015,"Christian Heilmann","AH, CS, RR","ES6 Template Strings, Jobwechsel, Spartan",
205,X,,,31.01.2015,"","AH, KL, SB","Perceived Performance, Ampersand.js",
204,X,,,22.01.2015,"","HCR, PK, RR, SB","Fokus, Build-Tools, Links",
203,X,,,10.01.2015,"Pascal Precht","CS, HCR, PK, SB","AngularJS x.x",
202,X,,,29.12.2014,"Mario Heiderich","CS, PK, SB","Sicherheitslücken – DOM Clobbering, XSS via CSS, ES6 Fallen",
201,X,,,22.12.2014,"","PK, SB","Offline-Apps und Links",
200,X,,,14.12.2014,"Jeremy Keith","AH, CS, SB","The Indie Web",
199,X,,,13.12.2014,"","AH, CS, HCR, PK","Simplifizierung und Code-Refactoring Methodik",
198,X,,,07.12.2014,"Sven Wolfermann","AH, HCR, PK, RR","Workflow, Fokus, Shapes",
197,X,,,23.11.2014,"","CS, PK","Responsive Images, IE 12 und Links",
196,X,,,17.11.2014,"Tim Kadlec","AH, CS, HCR","Interview mit Tim Kadlec",
195,X,,,11.11.2014,"Tim Taubert","PK, SB","Web Crypto API und Firefox Developer Edition",
194,X,,,09.11.2014,"","CS, HCR, PK","Kompression und Links",
193,X,,,08.11.2014,"Eric Zieger","PK","Rückschau border:none",
192,X,,,26.10.2014,"","AH, HCR","Komplizierte Job-Titel und Webfonts-Performance",
191,X,,,26.10.2014,"","AH, CS, HCR, SB","Code Style Checker und Coding Conventions",
190,X,,,04.10.2014,"Joschi Kuphal","CS, SB","border:none",
189,X,,,04.10.2014,"","HCR, PK, RR","iOS 8 und ES6",
188,X,,,22.09.2014,"","HCR, PK, SB","AMCSS und Links",
187,X,,,16.09.2014,"Mike Adolphs","CS, SB","Arbeiten bei GitHub",
186,X,,,15.09.2014,"","CS, HCR, SB","RESTful API Design",
185,X,,,07.09.2014,"","AH, CS, HCR, PK, SB","JS Debuggingstrategien & Network Information API",
184,X,,,19.08.2014,"","PK, SB","Web Components Type Extension und Rework.css",
183,X,,,17.08.2014,"","CS, PK","Web Manifest Spec und Links",
182,X,,,13.08.2014,"David Hasenbeck","AH, CS, HCR, PK, SB","Agile Methoden, responsive Bilder und noch eine Verlosung",
181,X,,,31.07.2014,"asciidisco","CS, HCR, PK","Module, Events, Verlosung",
180,X,,,28.07.2014,"","AH, CS, HCR","Media Queries und Web-Worker Analysen",
179,X,,,26.07.2014,"","CS, HCR, PK","Web Components",
178,X,,,10.07.2014,"Clemens Müller, Jakob Lehner, Manuel Mitasch, Michael Klein","AH, PK, SB","Ember.js in der Stahlstadt",
177,X,,,08.07.2014,"","AH, HCR, PK, SB","CSS-Benamung, Glücksrad, Links",
176,X,,,28.06.2014,"","AH, HCR, PK, RR","will-change, Critical Path und z-index",
175,X,,,16.06.2014,"Jan Lehnardt","CS, SB","Die Open Source Reise des Jan Lehnardt",
174,X,,,15.06.2014,"","AH, CS, HCR","Front-End-Workflow",
173,X,,,30.05.2014,"","AH, CS, PK","Neues aus der Zukunft",
172,X,,,24.05.2014,"Chris Coyier","AH, CS, RR, SB","Interview mit Chris Coyier",
171,X,,,24.05.2014,"","AH, PK, SB","Drag & Drop erklärbärt",
170,X,,,24.05.2014,"","HCR, RR, SB","Inline SVGs vs Icon Fonts, Adaptive Placeholders und currentScript",
169,X,,,04.05.2014,"Jens Grochtdreis","CS, PK","Plausch im Biergarten",
168,X,,,30.04.2014,"Paul Bakaus","CS, HCR, PK","Monitore, Bildkompression, Links",
167,X,,,22.04.2014,"Bastian Allgeier, Marc Thiele","CS","Das Decentralize Camp",
166,X,,,20.04.2014,"Pascal Hartig","HCR, PK","Open Source, React und AssetGraph",
165,X,,,14.04.2014,"Jens Grochtdreis, Matthias Mees","PK, SB","Über den Webkongress Erlangen und den Zustand mancher Website",
164,X,,,05.04.2014,"Fabian Beiner, Marcel Koch, Marius Eisenbraun","CS, HCR","Die Welt der WebagenturenGewinnspiel",
163,X,,,26.03.2014,"","CS, HCR, PK","CSS-Glücksrad und Links",
162,X,,,23.03.2014,"Marco Zehe, Thomas Caspers","CS, HCR, SB","Indie UI",
161,X,,,11.03.2014,"Christian Heilmann, asciidisco","RR","Too Easy, Didn’t Learn",
160,X,,,02.03.2014," Golo Roden","CS, PK","Node, JavaScript, Links",
159,X,,,02.03.2014,"","CS, RR, SB","Grunt im Einsatz",
158,X,,,16.02.2014,"Tobias Baldauf","HCR, PK, SB","Performance, Performance, Performance; sowie Leserfragen",
157,X,,,09.02.2014,"","CS, HCR, RR","Komplexes Markup, Styles Inlinen und HTTP/2",
156,X,,,30.01.2014,"","PK, RR, SB","Viewport Units in iOS und Gegenwind für CSS Regions",
155,X,,,30.01.2014,"","CS, HCR, PK, RR","Sass.js und die Konferenzen 2014",
154,X,,,22.01.2014,"Frederic Hemberger, Marius Kleidl","CS, HCR, PK, SB","Vagrant und Clientside JavaScript Error Reporting",
153,X,,,19.01.2014,"asciidisco","HCR, RR, SB","Typecsset und die Web Speech API",
152,X,,,08.01.2014,"","CS, PK, RR, SB","JSPerf, Open Source, Gulp, Funktionales",
151,X,,,29.12.2013,"","PK, RR","Myth, statische Seiten, Links",
150,X,,,29.12.2013,"","CS, PK","Kurz-Jubiläum mit News, Glücksrad und Links",
149,X,,,25.12.2013,"Gerrit van Aaken","HCR, SB","Toolchains, WebFonts und Offline-First",
148,X,,,15.12.2013,"","CS, PK, SB","Generatoren und Mutationen",
147,X,,,03.12.2013,"Christoph Rumpel","CS, HCR, SB","Über das INIT Boilerplate und das Laravel PHP-Framework",
146,X,,,24.11.2013,"","AH, CS, PK, SB","Responsive Images, Verträge und Links",
145,X,,,19.11.2013,"Alex Feyerke, Bastian Allgeier","CS, HCR, PK","Dezentralisierung und Hoodie",
144,X,,,17.11.2013,"Sven Wolfermann","CS, HCR","RESS und unsere Deployment Strategien",
143,X,,,02.11.2013,"","CS, HCR, PK, SB","CSS, Performance, Hörerfragen",
142,X,,,27.10.2013,"","HCR, PK, SB","Webfonts und IDEs",
141,X,,,19.10.2013,"Ole Michaelis","HCR, PK, SB","Devops, statische Seiten und Links",
140,,,,,"Ingo Kasch, Joschi Kuphal, asciidisco","RR",Open Device Labs und Konferenzen,"Audio unrettbar kaputt, keine Veröffentlichung"
139,X,,,06.10.2013,"Patrick Lauke","CS, PK","Toolchain-Kult und Touch-Events",
138,X,,,01.10.2013,"Jens Grochtdreis, Matthias Mees","CS, SB","Auf der roten CMS Couch",
137,X,,,24.09.2013,"","CS, PK, SB","Mobile Browser Wonderland",
136,X,,,16.09.2013,"Stefan Nitzsche","CS, HCR","Smashing Conference und ein moderner Design-Workflow",
135,X,,,09.09.2013,"Matthias Mees","CS, SB","Progressive Enhancement, Sigh JavaScript und Bower",
134,X,,,05.09.2013,"","CS, HCR, PK","News, CSS, Links",
133,X,,,25.08.2013,"Jens Grochtdreis","AH, SB","Responsive Webdesign und CSS Frameworks",
132,X,,,14.08.2013,"asciidisco","CS, RR","Rund ums Testen",
131,X,,,12.08.2013,"","PK, RR, SB","Zuschauerfragen die Zweite",
130,X,,,04.08.2013,"Philipp Tarasiewicz, Robin Böhm, Sascha Brink","CS, SB","AngularJS – Superheroic JavaScript MVW Framework",
129,X,,,24.07.2013,"","CS, HCR, PK","Zuschauerfragen sind heiß",
128,X,,,20.07.2013,"Jan Monschke, Sebastian Deutsch","PK, RR, SB","CoffeeScript, mobile Apps, Gewinne",
127,X,,,09.07.2013,"","CS, PK","IE11, Glücksrad, Verlosung",
126,X,,,06.07.2013,"","CS, SB","Inputs, Formulare, Pseudoklassen und Origin",
125,X,,,25.06.2013,"","AH, HCR","Bye, Bye, Chrome Frame und Table Layouts",
124,X,,,14.06.2013,"","CS, SB","Screen Readers, CSP und In-depth Script Loading",
123,X,,,09.06.2013,"","CS, HCR, PK, SB","Cargo-Culting in JS, localStorage und Prerendering",
122,X,,,04.06.2013,"Christian Heilmann","CS, RR","Interview mit Chris Heilmann zu Firefox OS",
121,X,,,22.05.2013,"","CS, PK, RR","requestAutocomplete, Web Components, Offline-Detection",
120,X,,,18.05.2013,"","CS, HCR","CSS Strukturieren, Sinn und Unsinn von Touchdetection, DRM",
119,X,,,09.05.2013,"","HCR, PK, RR","Transitions, Flaggen, Links",
118,X,,,05.05.2013,"","CS, HCR","Die Problematik des Schätzens",
117,X,,,25.04.2013,"","CS, HCR, PK","jQuery, Performance, Links",
116,X,,,16.04.2013,"Gunnar Bittersmann, Sven Wolfermann","CS, PK, SB","Konferenzen, Motion Design, IDs versus Classes",
115,X,,,10.04.2013,"Marc Hinse","HCR, RR","Browsertriebwerke, RWD und Steinzeitmalerei",
114,X,,,07.04.2013,"Andreas Dantz","CS, PK","<template>, Appcache, asm.js versus Bytecode",
113,X,,,29.03.2013,"","HCR, RR","jQuery vom CDN und Resize Events auf DOM Elementen",
112,X,,,19.03.2013,"","CS, PK","Glücksrad und Links",
111,X,,,16.03.2013,"Frederic Hemberger","CS, PK","Performance-Proxy, Media Queries Level 4, http-client-hints",
110,X,,,05.03.2013,"","HCR, PK, RR","Rendering Performance",
109,X,,,01.03.2013,"Andreas Dantz","KL, RR","Counter Styles, mobile Betriebssysteme, HTML5-Linkelemente",
108,X,,,20.02.2013,"asciidisco","CS, HCR","asm.js, UA Sniffing und Operas Wechsel zu WebKit",
107,X,,,13.02.2013,"","AH, CS, HCR, PK","Unresponsive Design, Docsprint und ein paar Links",
106,X,,,08.02.2013,"Frederic Hemberger","HCR, KL","modern.IE, Textbalance und der ES5 Strict Mode",
105,X,,,30.01.2013,"asciidisco","CS, PK","CSS-Performance, Web Workers und ein paar Links",
104,X,,,23.01.2013,"Andre Jay Meissner","CS, HCR, PK","Open Device Labs und Webplatform.org-Docsprints",
103,X,,,17.01.2013,"","HCR, KL, PK, RR","Keine Themen",
102,X,,,11.01.2013,"","CS, HCR, PK, RR","Templates, JPEGs, JavaScript und OpenSource",
101,X,,,19.12.2012,"","CS, HCR, PK, RR","Canvas, HTML5, Damals",
100,X,,,12.12.2012,"Paul Irish","CS, HCR, KL, RR","Anniversary with Paul Irish",
99,X,,,06.12.2012,"Frederic Hemberger, Marc Hinse","HCR, KL, PK","ProcessWire, Sueddeutsche.de und mehr",
98,X,,,28.11.2012,"","CS, HCR, PK","IE10, HTML5 und CSS",
97,X,,,25.11.2012,"Bruce Lawson, David Maciejewski","AH, CS, HCR, RR","beyond tellerrand 2012 & Interview mit Bruce Lawson",
96,X,,,14.11.2012,"","HCR, PK, RR","News, HTML5 und Links",
95,X,,,06.11.2012,"Marco Zehe","CS, RR","Vanilla Web und Accessibility",
94,X,,,01.11.2012,"","CS, HCR, KL, RR","Test The Web Forward!",
93,X,,,26.10.2012,"Christopher Zillgens","CS, HCR, KL","Farbkontraste und die volle Responsive Dröhnung!",
92,X,,,17.10.2012,"Dirk Jesse","HCR, KL, PK","Firefox, Fullscreen API und Thinkin’ Tags",
91,X,,,11.10.2012,"","CS, HCR, RR","Konferenzen und HiDPI Bilder",
90,X,,,10.10.2012,"Frederic Hemberger, asciidisco","AH, PK",".mobi-Gate, Persona und TypeScript",
89,X,,,27.09.2012,"","HCR, KL, PK, RR","Mobile, Frameworks, iOS 6",
88,X,,,15.09.2012,"","CS, HCR, KL, RR","Opus Codec, hot CSS Specs und Bower",
87,X,,,11.09.2012,"","HCR, KL, RR","Position Sticky",
86,X,,,31.08.2012,"asciidisco","HCR, RR","CAS und Object.observe",
85,X,,,22.08.2012,"Marc Thiele","CS, HCR, PK","Konferenzen, CSS und Twitter",
84,X,,,16.08.2012,"asciidisco","PK, RR","jQuery, Git, Informationsverwaltung und jede Menge Links",
83,X,,,10.08.2012,"","HCR, PK, RR","ECMAScript 6, @supports, WebRTC",
82,X,,,01.08.2012,"","AH, CS, HCR, KL","Wiederverwertbarkeit von CSS & Web Security",
81,X,,,29.07.2012,"Benedikt Kastl","CS, HCR, KL","Seamless Iframes, relative Fontgrößen und ein Berg Links",
80,X,,,18.07.2012,"","CS, HCR, KL, RR","X-Tag, Print Styles und IE-Basher bashen",
79,X,,,11.07.2012,"","HCR, KL, PK, RR","File System API, Chrome Apps und ein Haufen Links",
78,X,,,04.07.2012,"","CS, HCR, KL, PK","Editoren, jQuery, Yeoman, Browser",
77,X,,,27.06.2012,"","CS, PK, RR","Do not Track, IHK-Petition und Web Components",
76,X,,,23.06.2012,"asciidisco","HCR, KL","Testen, Dokumentieren und Abhängigkeiten verwalten",
75,X,,,14.06.2012,"","HCR, KL, PK","News, Links und die diesmal wirklich kürzeste Revision aller Zeiten",
74,X,,,06.06.2012,"","HCR, PK","Social-Media-Buttons, Links und die kürzeste Revision aller Zeiten",
73,X,,,01.06.2012,"","AH, CS, HCR","Von CSS Blenden, Cross-Domain-Requests und responsiven Bildern",
72,X,,,22.05.2012,"","CS, HCR, KL, PK","SASS vs. LESS & Googlebot vs. JavaScript",
71,X,,,15.05.2012,"","CS, HCR, KL","Error.stack, Physical Units & DOM Mutation Observers",
70,X,,,10.05.2012,"Frederic Hemberger","CS, HCR, KL, PK","JS Styleguides, Barrierefreiheit & Web Intents",
69,X,,,02.05.2012,"","CS, HCR, KL, PK","CSS Battle Royale – Opera",
68,X,,,30.04.2012,"Frederic Hemberger","CS, HCR, KL","Ein <dialog> aus scharfem Pink und Grunzern",
67,X,,,19.04.2012,"","CS, HCR, KL, PK","Meteor, Media Queries, Light Table",
66,X,,,13.04.2012,"","HCR, KL, PK","CSS-Variablen, Homo-Ehe und ein Werbeblock",
65,X,,,03.04.2012,"","CS, HCR, KL, PK","Infinite Transition Delays, jQuery Hooks, ECMAScript 6",
64,X,,,01.03.2012,"Marc Thiele","CS, HCR, KL","Source Maps, Event Capturing & beyond tellerrand – play",
63,X,,,29.03.2012,"","HCR, PK, RR","Responsiver Content, Firefox 11 und Offene Datenquellen",
62,X,,,13.03.2012,"Pascal Szewczyk","CS, PK","Adobe Shadow, Mobile und Gerante – Live!",
61,X,,,07.03.2012,"","CS, HCR, PK","HTML5 Please API, Boot to Gecko, Image Replacements",
60,X,,,29.02.2012,"Dirk Jesse","CS","Adobe Edge, Web Components & Informationsquellen",
59,X,,,23.02.2012,"","HCR, KL, PK","Wie ticken Webentwickler?",
58,X,,,16.02.2012,"","CS, HCR, KL, PK","-webkit-CSS3, -webkit-SEO und -webkit-MMT",
57,X,,,09.02.2012,"","CS, HCR, KL, PK","IDBExplorer, Gradient Syntax & Wrap.js",
56,X,,,26.01.2012,"Marc Hinse","CS, PK","Font.js, CSS3 UI & Wunderkit",
55,X,,,18.01.2012,"","CS, KL","Webfundstücke und Devtools",
54,X,,,11.01.2012,"","CS, PK","Ein Sack voll Firefox, lahmes CSS und Media Queries",
53,X,,,30.12.2011,"","HCR, KL, RR","At the Smashing Magazine meetup!",
52,X,,,23.12.2011,"","CS, KL, PK","Android 4.0, Webvideo & CoffeeScript",
51,X,,,13.12.2011,"","CS, HCR, KL","AMD, jQuery Plugin Repo & Alphatier-Gekabbel",
50,X,,,06.12.2011,"Marcel Koch","CS","P3P olé!",
49,X,,,01.12.2011,"","CS, HCR","Devtools und Kleinvieh",
48,X,,,24.11.2011,"David Maciejewski, Frederic Hemberger, Maik Wagner, Marc Hinse, Sven Wolfermann","AH, CS, HCR, RR","Direkt von der beyond tellerrand. In Bewegtbild!",
47,X,,,15.11.2011,"","PK, RR","Firefox 8, Aurora 10 und jQuery-Diät mit dem dynamischen Duo",
46,X,,,08.11.2011,"Haymo Meran","CS, MS, PK","Aloha Editor, jQuery 1.7 und halbgare Zukunftstechniken",
45,X,,,03.11.2011,"Marc Hinse","CS, HCR","H.264 in JS, jQuery Standards Team & OccupyHTML5!",
44,X,,,28.10.2011,"Sven Wolfermann","CS, PK","HTTP-Statuscodes, TYPO3 und ‘n Echo, echo, cho, o….",
43,X,,,20.10.2011,"","CS, PK","Tripreports, CSS Image Values und Dart",
42,X,,,08.12.2011,"","CS, MS, PK","Zweiundvierzig!",
41,X,,,27.09.2011,"","CS, PK, RR","setImmediate API, CSS Compositing und überflüssiges HTML5",
40,X,,,16.09.2011,"Frederic Hemberger","CS, MS, RR","Zerskyped",
39,X,,,07.09.2011,"","CS, PK","Zucker, Bullenkot und GEFÄNGNIS",
38,X,,,30.08.2011,"Dirk Jesse, Matthias Mees","CS","Gridsysteme und Best Practices",
37,X,,,25.08.2011,"Marc Hinse","CS, KL, MS","speak.js, Native Client und JS-MVC-Frameworks",
36,X,,,17.08.2011,"","AH, CS, MS, PK","Ohne Jan, aber mit Delay",
35,X,,,10.08.2011,"","CS, MS, PK","PhoneGap und Web Intents",
34,X,,,02.08.2011,"","CS, MS, PK","Kontraste und Kleinscheiß",
33,X,,,26.07.2011,"","MS, PK","Peter hat ein MacBook Air!",
32,X,,,21.07.2011,"Frank Bueltge","CS","Zwei hoch fünf",
31,X,,,15.07.2011,"","CS, MS, PK","Takeout, OpenCL und Memory Management",
30,X,,,06.07.2011,"Jens Grochtdreis","CS, PK","IE10, Google+ und Dr.Web",
29,X,,,28.06.2011,"","MS, PK","VisualSearch.js und Twitter-Spam",
28,X,,,23.06.2011,"Cem Derin","CS, MS, PK","Niemand hat Lion oder iOS 5",
27,X,,,01.06.2011,"","CS, MS, PK","Revision 27: @viewport, Tastatursteuerung und Aurora 6",
26,X,,,24.05.2011,"Jens Grochtdreis","MS","Viel Internet Explorer",
25,X,,,17.05.2011,"","CS, MS, PK","Visibility API und Chromebooks",
24,X,,,10.05.2011,"","CS, PK","Silbentrennung, Semikola und Reward.js",
23,X,,,03.05.2011,"","MS, PK","Node-SPDY, Zukunftskram und CoffeeKup",
22,X,,,19.04.2011,"","CS, MS, PK","IE10, Live.js und Favicons",
21,X,,,12.04.2011,"Dirk Jesse","CS, MS, PK","SPDY, Mobile UI, Webshims, und alles hardboiled!",
20,X,,,07.04.2011,"","CS, MS, PK","HTTPArchive, dynaTrace und AmplifyJS",
19,X,,,29.03.2011,"Andreas Dantz","CS, PK","Barcamp, HTML5 Buch, Device-API und Manifest-Validator",
18,X,,,22.03.2011,"Cem Derin","CS","Scoped Styles, Web Inspector Remote, Bildmanipulation in PHP",
17,X,,,08.03.2011,"","CS, MS, PK","A/B-Test, Animationen, Canvas und WebGL",
16,X,,,01.03.2011,"Daniel Melanchthon","CS, MS","Interview mit Microsoft",
15,X,,,22.02.2011,"Marc Hinse","CS","IE9 unmodern? Teure Featuredetection? Pareto-Prinzip?",
14,X,,,15.02.2011,"Marc Hinse","CS, MS","Hashbangs, PhantomJS und Github-Gene",
13,X,,,08.02.2011,"Marc Hinse","CS, MS","Screen Presenter, Chromeless und Clipboard API",
12,X,,,01.02.2011,"Tobias Oberrauch","CS, MS, PK","CSS-Reset, IE9 RC1 und Harmony",
11,X,,,25.01.2011,"Nico Brünjes","CS, MS","HTML5 +Logo -5, Markup-Manipulation und IP-Adressen-Endzeit",
10,X,,,18.01.2011,"Gerrit van Aaken","CS, MS, PK","H.264 vs. WebM, Shadow DOM und w3fools.com",
9,X,,,11.01.2011,"Guido Mühlwitz","CS, MS, PK","DOM-Monster, Drupal 7 und 2.2250738585072011e-308",
8,X,,,21.12.2010,"","CS, MS, PK","CrankShaft, Treesaver und ControlJS",
7,X,,,14.12.2010,"","MS, PK","Dateisystem, Android 2.3, Websockets-Protokoll-Glitch, CSS 2.1",
6,X,,,07.12.2010,"","CS, MS","Firebug 1.6, head.js, Adventskalender und alle sind krank",
5,X,,,30.11.2010,"","CS, MS, PK","iOS 4.2, Opera 11, Web Messaging und Kinect",
4,X,,,23.11.2010,"Robert Agthe","CS, MS","Sencha Touch 1.0, IE9-JS und HTML5-Gaming",
3,X,,,16.11.2010,"","CS, MS, PK","FF4Beta7, F1 und Google Instant Previews",
2,X,,,09.11.2010,"","CS, MS, PK","mod_pagespeed, Sub-Pixel-Positionierung und viel Hall",
1,X,,,02.11.2010,"","MS, PK","Sencha Animator, Webfernsehen und Firesheep",